"优先级","网址","页面类型","评分","发布日期/更新日","词数","文章内链入站","正文内链","外部证据链接","判定依据","建议动作"
"A","https://worldcleanbiz.com/blog/car-vacuum-cleaner-oem-odm-guide","文章","11","2026-07-25","3031","3","4","8","指南型内容；商业/采购意图；内容深度高；站内引用较强","优先加强首页/指南/品牌页入口并在GSC抽样请求抓取"
"A","https://worldcleanbiz.com/blog/commercial-floor-scrubber-buying-guide","文章","11","2026-07-24","3010","4","7","7","指南型内容；商业/采购意图；内容深度高；站内引用较强","优先加强首页/指南/品牌页入口并在GSC抽样请求抓取"
"A","https://worldcleanbiz.com/blog/cordless-vs-corded-robotic-pool-cleaners","文章","11","2026-07-20","2791","13","4","10","指南型内容；商业/采购意图；内容深度高；站内引用较强","优先加强首页/指南/品牌页入口并在GSC抽样请求抓取"
"A","https://worldcleanbiz.com/blog/dolphin-vs-aiper-maytronics-fluidra","文章","11","2026-07-19","2919","3","6","12","指南型内容；商业/采购意图；内容深度高；站内引用较强","优先加强首页/指南/品牌页入口并在GSC抽样请求抓取"
"A","https://worldcleanbiz.com/blog/floor-scrubber-rental-vs-buy","文章","11","2026-07-24T09:01:00+08:00","2574","3","6","5","指南型内容；商业/采购意图；内容深度高；站内引用较强","优先加强首页/指南/品牌页入口并在GSC抽样请求抓取"
"A","https://worldcleanbiz.com/blog/floor-sweeper-vs-floor-scrubber","文章","11","2026-07-21","2644","7","4","7","指南型内容；商业/采购意图；内容深度高；站内引用较强","优先加强首页/指南/品牌页入口并在GSC抽样请求抓取"
"A","https://worldcleanbiz.com/blog/portable-carpet-cleaner-buying-guide","文章","11","2026-07-25","2448","7","5","3","指南型内容；商业/采购意图；内容深度高；站内引用较强","优先加强首页/指南/品牌页入口并在GSC抽样请求抓取"
"A","https://worldcleanbiz.com/blog/roborock-vs-ecovacs-robot-vacuums","文章","11","2026-07-26","2145","3","4","5","指南型内容；商业/采购意图；内容深度高；站内引用较强","优先加强首页/指南/品牌页入口并在GSC抽样请求抓取"
"A","https://worldcleanbiz.com/blog/robot-vacuum-manufacturing-cost","文章","11","2026-07-24","3098","11","7","8","指南型内容；商业/采购意图；内容深度高；站内引用较强","优先加强首页/指南/品牌页入口并在GSC抽样请求抓取"
"A","https://worldcleanbiz.com/blog/robot-vacuum-oem-odm-guide","文章","11","2026-07-25","2385","9","5","5","指南型内容；商业/采购意图；内容深度高；站内引用较强","优先加强首页/指南/品牌页入口并在GSC抽样请求抓取"
"A","https://worldcleanbiz.com/blog/robotic-lawn-mower-manufacturers-china","文章","11","2026-06-15T16:09:04+08:00","3516","22","15","3","指南型内容；商业/采购意图；内容深度高；站内引用较强","优先加强首页/指南/品牌页入口并在GSC抽样请求抓取"
"A","https://worldcleanbiz.com/blog/robotic-pool-cleaner-cost-buying-guide","文章","11","2026-07-25","2524","3","6","9","指南型内容；商业/采购意图；内容深度高；站内引用较强","优先加强首页/指南/品牌页入口并在GSC抽样请求抓取"
"A","https://worldcleanbiz.com/blog/robotic-pool-cleaner-oem-odm-guide","文章","11","2026-07-25","3077","4","4","7","指南型内容；商业/采购意图；内容深度高；站内引用较强","优先加强首页/指南/品牌页入口并在GSC抽样请求抓取"
"A","https://worldcleanbiz.com/blog/robotic-vs-suction-vs-pressure-pool-cleaners","文章","11","2026-07-20","3271","5","6","22","指南型内容；商业/采购意图；内容深度高；站内引用较强","优先加强首页/指南/品牌页入口并在GSC抽样请求抓取"
"A","https://worldcleanbiz.com/blog/rtk-vs-lidar-robot-lawn-mowers","文章","11","2026-07-23","3359","11","5","11","指南型内容；商业/采购意图；内容深度高；站内引用较强","优先加强首页/指南/品牌页入口并在GSC抽样请求抓取"
"A","https://worldcleanbiz.com/blog/spot-cleaner-oem-odm-guide","文章","11","2026-07-25","2489","7","4","6","指南型内容；商业/采购意图；内容深度高；站内引用较强","优先加强首页/指南/品牌页入口并在GSC抽样请求抓取"
"A","https://worldcleanbiz.com/blog/tineco-vs-bissell-crosswave-floor-washers","文章","11","2026-07-25","2362","3","5","4","指南型内容；商业/采购意图；内容深度高；站内引用较强","优先加强首页/指南/品牌页入口并在GSC抽样请求抓取"
"A","https://worldcleanbiz.com/blog/walk-behind-vs-ride-on-floor-scrubber","文章","11","2026-07-23","2503","3","5","7","指南型内容；商业/采购意图；内容深度高；站内引用较强","优先加强首页/指南/品牌页入口并在GSC抽样请求抓取"
"A","https://worldcleanbiz.com/blog/who-makes-kobalt-tools-lowes-suppliers","文章","11","2026-08-03","2109","8","4","8","指南型内容；商业/采购意图；内容深度高；站内引用较强","优先加强首页/指南/品牌页入口并在GSC抽样请求抓取"
"A","https://worldcleanbiz.com/blog/who-owns-aeg-electrolux-relationship","文章","11","2026-07-18","2079","4","4","7","指南型内容；商业/采购意图；内容深度高；站内引用较强","优先加强首页/指南/品牌页入口并在GSC抽样请求抓取"
"A","https://worldcleanbiz.com/blog/who-owns-bosch-appliances-bsh-siemens-brands","文章","11","2026-08-08","2203","5","4","9","指南型内容；商业/采购意图；内容深度高；站内引用较强","优先加强首页/指南/品牌页入口并在GSC抽样请求抓取"
"A","https://worldcleanbiz.com/blog/who-owns-craftsman-tools-stanley-black-decker","文章","11","2026-08-03","2164","4","4","9","指南型内容；商业/采购意图；内容深度高；站内引用较强","优先加强首页/指南/品牌页入口并在GSC抽样请求抓取"
"A","https://worldcleanbiz.com/blog/who-owns-einhell-power-x-change","文章","11","2026-08-08","2248","3","5","7","指南型内容；商业/采购意图；内容深度高；站内引用较强","优先加强首页/指南/品牌页入口并在GSC抽样请求抓取"
"A","https://worldcleanbiz.com/blog/who-owns-festool-tts-tooltechnic-systems","文章","11","2026-08-03","2130","3","4","6","指南型内容；商业/采购意图；内容深度高；站内引用较强","优先加强首页/指南/品牌页入口并在GSC抽样请求抓取"
"A","https://worldcleanbiz.com/blog/who-owns-hilti-family-trust-manufacturing","文章","11","2026-08-03","2266","4","4","7","指南型内容；商业/采购意图；内容深度高；站内引用较强","优先加强首页/指南/品牌页入口并在GSC抽样请求抓取"
"A","https://worldcleanbiz.com/blog/who-owns-skil-tools-chervon","文章","11","2026-08-08","2218","3","4","8","指南型内容；商业/采购意图；内容深度高；站内引用较强","优先加强首页/指南/品牌页入口并在GSC抽样请求抓取"
"A","https://worldcleanbiz.com/blog/above-ground-vs-in-ground-robotic-pool-cleaners","文章","10","2026-07-25","1623","4","4","5","指南型内容；商业/采购意图；站内引用较强","优先加强首页/指南/品牌页入口并在GSC抽样请求抓取"
"A","https://worldcleanbiz.com/blog/aiper-vs-beatbot-fluidra-xingmai","文章","10","2026-07-19","3218","2","8","11","指南型内容；商业/采购意图；内容深度高","优先加强首页/指南/品牌页入口并在GSC抽样请求抓取"
"A","https://worldcleanbiz.com/blog/bissell-little-green-vs-hoover-cleanslate","文章","10","2026-07-26","2448","2","5","4","指南型内容；商业/采购意图；内容深度高","优先加强首页/指南/品牌页入口并在GSC抽样请求抓取"
"A","https://worldcleanbiz.com/blog/commercial-carpet-extractor-buying-guide","文章","10","2026-07-24","3160","2","6","13","指南型内容；商业/采购意图；内容深度高","优先加强首页/指南/品牌页入口并在GSC抽样请求抓取"
"A","https://worldcleanbiz.com/blog/commercial-robot-mower-supplier-evaluation","文章","10","2026-07-25","3556","2","5","2","指南型内容；商业/采购意图；内容深度高","优先加强首页/指南/品牌页入口并在GSC抽样请求抓取"
"A","https://worldcleanbiz.com/blog/cordless-vacuum-cleaner-manufacturing-cost","文章","10","2026-07-26","2381","5","3","8","指南型内容；商业/采购意图；内容深度高；站内引用较强","优先加强首页/指南/品牌页入口并在GSC抽样请求抓取"
"A","https://worldcleanbiz.com/blog/dolphin-robotic-pool-cleaner-buying-guide","文章","10","2026-07-26","2368","1","7","11","指南型内容；商业/采购意图；内容深度高","优先加强首页/指南/品牌页入口并在GSC抽样请求抓取"
"A","https://worldcleanbiz.com/blog/dolphin-vs-polaris-pool-cleaners","文章","10","2026-07-25","2767","1","5","8","指南型内容；商业/采购意图；内容深度高","优先加强首页/指南/品牌页入口并在GSC抽样请求抓取"
"A","https://worldcleanbiz.com/blog/floor-washer-oem-odm-guide","文章","10","2026-07-25","1907","6","5","2","指南型内容；商业/采购意图；站内引用较强","优先加强首页/指南/品牌页入口并在GSC抽样请求抓取"
"A","https://worldcleanbiz.com/blog/hard-floor-washer-market-brands-oem-opportunities","文章","10","2026-07-25","1385","4","5","4","指南型内容；商业/采购意图；站内引用较强","优先加强首页/指南/品牌页入口并在GSC抽样请求抓取"
"A","https://worldcleanbiz.com/blog/hayward-vs-pentair-vs-fluidra","文章","10","2026-07-24","2129","2","6","9","指南型内容；商业/采购意图；内容深度高","优先加强首页/指南/品牌页入口并在GSC抽样请求抓取"
"A","https://worldcleanbiz.com/blog/husqvarna-automower-vs-mammotion-luba","文章","10","2026-07-26","2783","1","6","9","指南型内容；商业/采购意图；内容深度高","优先加强首页/指南/品牌页入口并在GSC抽样请求抓取"
"A","https://worldcleanbiz.com/blog/luba-vs-navimow-mammotion-ninebot","文章","10","2026-07-19","3279","3","3","9","指南型内容；商业/采购意图；内容深度高；站内引用较强","优先加强首页/指南/品牌页入口并在GSC抽样请求抓取"
"A","https://worldcleanbiz.com/blog/roborock-vs-dreame-global-strategies","文章","10","2026-07-16T23:50:26+08:00","2944","4","2","5","指南型内容；商业/采购意图；内容深度高；站内引用较强","优先加强首页/指南/品牌页入口并在GSC抽样请求抓取"
"A","https://worldcleanbiz.com/blog/shark-vs-dyson-cordless-vacuums","文章","10","2026-07-26","3053","3","3","11","指南型内容；商业/采购意图；内容深度高；站内引用较强","优先加强首页/指南/品牌页入口并在GSC抽样请求抓取"
"A","https://worldcleanbiz.com/blog/tineco-vs-shark-hydrovac-floor-washers","文章","10","2026-07-26","2172","2","4","5","指南型内容；商业/采购意图；内容深度高","优先加强首页/指南/品牌页入口并在GSC抽样请求抓取"
"A","https://worldcleanbiz.com/blog/who-makes-lg-appliances-manufacturing-network","文章","10","2026-08-05","1892","4","7","7","指南型内容；商业/采购意图；站内引用较强","优先加强首页/指南/品牌页入口并在GSC抽样请求抓取"
"A","https://worldcleanbiz.com/blog/who-makes-samsung-appliances-manufacturing-bespoke-ai","文章","10","2026-08-05","1797","5","7","6","指南型内容；商业/采购意图；站内引用较强","优先加强首页/指南/品牌页入口并在GSC抽样请求抓取"
"A","https://worldcleanbiz.com/blog/who-owns-bissell-family-sanitaire","文章","10","2026-08-08","2049","6","3","11","指南型内容；商业/采购意图；内容深度高；站内引用较强","优先加强首页/指南/品牌页入口并在GSC抽样请求抓取"
"A","https://worldcleanbiz.com/blog/who-owns-bosch-power-tools-robert-bosch","文章","10","2026-08-01","1708","4","5","5","指南型内容；商业/采购意图；站内引用较强","优先加强首页/指南/品牌页入口并在GSC抽样请求抓取"
"A","https://worldcleanbiz.com/blog/who-owns-haier-appliances-brand-portfolio","文章","10","2026-08-05","1859","5","8","8","指南型内容；商业/采购意图；站内引用较强","优先加强首页/指南/品牌页入口并在GSC抽样请求抓取"
"A","https://worldcleanbiz.com/blog/who-owns-hayward-pool-products","文章","10","2026-08-09","2739","2","6","6","指南型内容；商业/采购意图；内容深度高","优先加强首页/指南/品牌页入口并在GSC抽样请求抓取"
"A","https://worldcleanbiz.com/blog/who-owns-hoover-tti-haier-candy","文章","10","2026-08-08","2148","10","2","11","指南型内容；商业/采购意图；内容深度高；站内引用较强","优先加强首页/指南/品牌页入口并在GSC抽样请求抓取"
"A","https://worldcleanbiz.com/blog/who-owns-ridgid-wet-dry-vacuums-emerson","文章","10","2026-08-09","2080","1","4","7","指南型内容；商业/采购意图；内容深度高","优先加强首页/指南/品牌页入口并在GSC抽样请求抓取"
"A","https://worldcleanbiz.com/blog/who-owns-snap-on-tools-company-manufacturing","文章","10","2026-08-05","2123","2","5","7","指南型内容；商业/采购意图；内容深度高","优先加强首页/指南/品牌页入口并在GSC抽样请求抓取"
"A","https://worldcleanbiz.com/blog/who-owns-stihl-family-manufacturing","文章","10","2026-08-08","2186","1","6","7","指南型内容；商业/采购意图；内容深度高","优先加强首页/指南/品牌页入口并在GSC抽样请求抓取"
"A","https://worldcleanbiz.com/blog/who-owns-tineco-ecovacs-group","文章","10","2026-08-08","1794","7","4","6","指南型内容；商业/采购意图；站内引用较强","优先加强首页/指南/品牌页入口并在GSC抽样请求抓取"
"A","https://worldcleanbiz.com/sourcing/commercial-cleaning","采购页","10","","","","","","核心询盘/采购转化页面","优先从首页和相关文章加强入口并请求抓取"
"A","https://worldcleanbiz.com/sourcing/floor-washers","采购页","10","","","","","","核心询盘/采购转化页面","优先从首页和相关文章加强入口并请求抓取"
"A","https://worldcleanbiz.com/sourcing/lawn-robots","采购页","10","","","","","","核心询盘/采购转化页面","优先从首页和相关文章加强入口并请求抓取"
"A","https://worldcleanbiz.com/sourcing/pool-robots","采购页","10","","","","","","核心询盘/采购转化页面","优先从首页和相关文章加强入口并请求抓取"
"A","https://worldcleanbiz.com/sourcing/robotic-vacuums","采购页","10","","","","","","核心询盘/采购转化页面","优先从首页和相关文章加强入口并请求抓取"
"A","https://worldcleanbiz.com/sourcing/vacuum-cleaners","采购页","10","","","","","","核心询盘/采购转化页面","优先从首页和相关文章加强入口并请求抓取"
"A","https://worldcleanbiz.com/blog/aiper-vs-wybot-fluidra-wybotics","文章","9","2026-07-19","3135","1","3","14","指南型内容；商业/采购意图；内容深度高","优先加强首页/指南/品牌页入口并在GSC抽样请求抓取"
"A","https://worldcleanbiz.com/blog/are-robot-lawn-mowers-safe","文章","9","2026-07-20","3480","5","11","12","指南型内容；内容深度高；站内引用较强","优先加强首页/指南/品牌页入口并在GSC抽样请求抓取"
"A","https://worldcleanbiz.com/blog/beatbot-vs-dolphin-xingmai-maytronics","文章","9","2026-07-19","3311","2","3","15","指南型内容；商业/采购意图；内容深度高","优先加强首页/指南/品牌页入口并在GSC抽样请求抓取"
"A","https://worldcleanbiz.com/blog/can-robot-lawn-mowers-handle-slopes","文章","9","2026-07-20","2643","4","9","6","指南型内容；内容深度高；站内引用较强","优先加强首页/指南/品牌页入口并在GSC抽样请求抓取"
"A","https://worldcleanbiz.com/blog/commercial-cleaning-robot-market","文章","9","2026-07-24","2930","3","4","10","指南型内容；内容深度高；站内引用较强","优先加强首页/指南/品牌页入口并在GSC抽样请求抓取"
"A","https://worldcleanbiz.com/blog/commercial-robotic-lawn-mowers","文章","9","2026-07-20","3633","3","5","15","指南型内容；内容深度高；站内引用较强","优先加强首页/指南/品牌页入口并在GSC抽样请求抓取"
"A","https://worldcleanbiz.com/blog/cordless-vacuum-cleaner-oem-odm-guide","文章","9","2026-07-26","3179","7","6","0","指南型内容；商业/采购意图；内容深度高；站内引用较强；无外部证据链接","优先加强首页/指南/品牌页入口并在GSC抽样请求抓取"
"A","https://worldcleanbiz.com/blog/dji-romo-p-vs-roborock-saros-10r","文章","9","2026-07-26","1479","1","4","3","指南型内容；商业/采购意图","优先加强首页/指南/品牌页入口并在GSC抽样请求抓取"
"A","https://worldcleanbiz.com/blog/dolphin-vs-hayward-robotic-pool-cleaners","文章","9","2026-07-26","1909","1","7","4","指南型内容；商业/采购意图","优先加强首页/指南/品牌页入口并在GSC抽样请求抓取"
"A","https://worldcleanbiz.com/blog/dreame-vs-ecovacs-robot-vacuums","文章","9","2026-07-26","2103","2","3","4","指南型内容；商业/采购意图；内容深度高","优先加强首页/指南/品牌页入口并在GSC抽样请求抓取"
"A","https://worldcleanbiz.com/blog/dyson-v16-piston-animal-vs-gen5detect","文章","9","2026-07-26","1363","1","4","5","指南型内容；商业/采购意图","优先加强首页/指南/品牌页入口并在GSC抽样请求抓取"
"A","https://worldcleanbiz.com/blog/dyson-washg1-vs-tineco-floor-one","文章","9","2026-07-26","2157","1","3","3","指南型内容；商业/采购意图；内容深度高","优先加强首页/指南/品牌页入口并在GSC抽样请求抓取"
"A","https://worldcleanbiz.com/blog/floor-scrubber-not-picking-up-water","文章","9","2026-07-21","2582","5","4","6","指南型内容；内容深度高；站内引用较强","优先加强首页/指南/品牌页入口并在GSC抽样请求抓取"
"A","https://worldcleanbiz.com/blog/how-long-do-robot-lawn-mowers-last","文章","9","2026-07-20","3352","6","9","12","指南型内容；内容深度高；站内引用较强","优先加强首页/指南/品牌页入口并在GSC抽样请求抓取"
"A","https://worldcleanbiz.com/blog/how-long-do-robotic-pool-cleaners-last","文章","9","2026-07-20","3392","5","9","8","指南型内容；内容深度高；站内引用较强","优先加强首页/指南/品牌页入口并在GSC抽样请求抓取"
"A","https://worldcleanbiz.com/blog/how-robot-lawn-mowers-work","文章","9","2026-07-20","3324","6","5","9","指南型内容；内容深度高；站内引用较强","优先加强首页/指南/品牌页入口并在GSC抽样请求抓取"
"A","https://worldcleanbiz.com/blog/how-robotic-pool-cleaners-work","文章","9","2026-07-19","3208","9","7","13","指南型内容；内容深度高；站内引用较强","优先加强首页/指南/品牌页入口并在GSC抽样请求抓取"
"A","https://worldcleanbiz.com/blog/is-dreame-owned-by-xiaomi","文章","9","2026-07-17","2047","3","5","9","指南型内容；内容深度高；站内引用较强","优先加强首页/指南/品牌页入口并在GSC抽样请求抓取"
"A","https://worldcleanbiz.com/blog/roborock-vs-dreame-robot-vacuums","文章","9","2026-07-26","2288","4","4","0","指南型内容；商业/采购意图；内容深度高；站内引用较强；无外部证据链接","优先加强首页/指南/品牌页入口并在GSC抽样请求抓取"
"A","https://worldcleanbiz.com/blog/roborock-vs-narwal-robot-vacuums","文章","9","2026-07-26","1732","1","4","3","指南型内容；商业/采购意图","优先加强首页/指南/品牌页入口并在GSC抽样请求抓取"
"A","https://worldcleanbiz.com/blog/roborock-vs-roomba-robot-vacuums","文章","9","2026-07-26","2451","1","3","8","指南型内容；商业/采购意图；内容深度高","优先加强首页/指南/品牌页入口并在GSC抽样请求抓取"
"A","https://worldcleanbiz.com/blog/robot-lawn-mower-cost-installation-maintenance","文章","9","2026-07-25","2503","7","5","0","指南型内容；商业/采购意图；内容深度高；站内引用较强；无外部证据链接","优先加强首页/指南/品牌页入口并在GSC抽样请求抓取"
"A","https://worldcleanbiz.com/blog/robot-lawn-mower-installation","文章","9","2026-07-20","3335","8","7","22","指南型内容；内容深度高；站内引用较强","优先加强首页/指南/品牌页入口并在GSC抽样请求抓取"
"A","https://worldcleanbiz.com/blog/robot-lawn-mower-manufacturing-cost","文章","9","2026-07-25","1487","2","4","2","指南型内容；商业/采购意图","优先加强首页/指南/品牌页入口并在GSC抽样请求抓取"
"A","https://worldcleanbiz.com/blog/robot-lawn-mower-without-perimeter-wire","文章","9","2026-07-19","2825","10","7","15","指南型内容；内容深度高；站内引用较强","优先加强首页/指南/品牌页入口并在GSC抽样请求抓取"
"A","https://worldcleanbiz.com/blog/robotic-pool-cleaner-buying-guide","文章","9","2026-07-26","2737","8","6","0","指南型内容；商业/采购意图；内容深度高；站内引用较强；无外部证据链接","优先加强首页/指南/品牌页入口并在GSC抽样请求抓取"
"A","https://worldcleanbiz.com/blog/robotic-pool-skimmer-buying-guide","文章","9","2026-07-26","2611","1","3","6","指南型内容；商业/采购意图；内容深度高","优先加强首页/指南/品牌页入口并在GSC抽样请求抓取"
"A","https://worldcleanbiz.com/blog/self-emptying-robot-vacuum-market","文章","9","2026-07-25","2825","3","6","14","指南型内容；内容深度高；站内引用较强","优先加强首页/指南/品牌页入口并在GSC抽样请求抓取"
"A","https://worldcleanbiz.com/blog/who-makes-erbauer-tools-kingfisher","文章","9","2026-08-05","1368","1","8","7","指南型内容；商业/采购意图","优先加强首页/指南/品牌页入口并在GSC抽样请求抓取"
"A","https://worldcleanbiz.com/blog/who-makes-parkside-tools-lidl-suppliers","文章","9","2026-08-04","1109","3","4","5","指南型内容；商业/采购意图；站内引用较强","优先加强首页/指南/品牌页入口并在GSC抽样请求抓取"
"A","https://worldcleanbiz.com/blog/who-owns-black-and-decker-stanley-tools","文章","9","2026-07-25","2292","1","2","11","指南型内容；商业/采购意图；内容深度高","优先加强首页/指南/品牌页入口并在GSC抽样请求抓取"
"A","https://worldcleanbiz.com/blog/who-owns-chervon-ego-flex-skil","文章","9","2026-08-05","1457","2","10","7","指南型内容；商业/采购意图","优先加强首页/指南/品牌页入口并在GSC抽样请求抓取"
"A","https://worldcleanbiz.com/blog/who-owns-evolution-power-tools","文章","9","2026-08-05","1526","1","9","8","指南型内容；商业/采购意图","优先加强首页/指南/品牌页入口并在GSC抽样请求抓取"
"A","https://worldcleanbiz.com/blog/who-owns-flex-tools-chervon-lowes","文章","9","2026-08-04","1793","2","4","6","指南型内容；商业/采购意图","优先加强首页/指南/品牌页入口并在GSC抽样请求抓取"
"A","https://worldcleanbiz.com/blog/who-owns-irobot-roomba-picea-robotics","文章","9","2026-08-09","2115","2","2","7","指南型内容；商业/采购意图；内容深度高","优先加强首页/指南/品牌页入口并在GSC抽样请求抓取"
"A","https://worldcleanbiz.com/blog/who-owns-makita-company-manufacturing","文章","9","2026-08-01","1459","1","5","3","指南型内容；商业/采购意图","优先加强首页/指南/品牌页入口并在GSC抽样请求抓取"
"A","https://worldcleanbiz.com/blog/who-owns-milwaukee-tools-tti-manufacturing","文章","9","2026-08-01","1597","4","5","1","指南型内容；商业/采购意图；站内引用较强","优先加强首页/指南/品牌页入口并在GSC抽样请求抓取"
"A","https://worldcleanbiz.com/blog/who-owns-narwal-yunjing-investors-manufacturing","文章","9","2026-07-18","2195","1","3","10","指南型内容；商业/采购意图；内容深度高","优先加强首页/指南/品牌页入口并在GSC抽样请求抓取"
"A","https://worldcleanbiz.com/blog/who-owns-porter-cable-stanley-black-decker","文章","9","2026-08-04","1895","1","4","7","指南型内容；商业/采购意图","优先加强首页/指南/品牌页入口并在GSC抽样请求抓取"
"A","https://worldcleanbiz.com/guides","指南目录","9","","","","","","高意图专题聚合入口","优先抓取并维持服务端分页内链"
"A","https://worldcleanbiz.com/guides/buying","指南目录","9","","","","","","高意图专题聚合入口","优先抓取并维持服务端分页内链"
"A","https://worldcleanbiz.com/guides/comparison","指南目录","9","","","","","","高意图专题聚合入口","优先抓取并维持服务端分页内链"
"A","https://worldcleanbiz.com/guides/explainer","指南目录","9","","","","","","高意图专题聚合入口","优先抓取并维持服务端分页内链"
"A","https://worldcleanbiz.com/guides/maintenance","指南目录","9","","","","","","高意图专题聚合入口","优先抓取并维持服务端分页内链"
"A","https://worldcleanbiz.com/guides/ownership","指南目录","9","","","","","","高意图专题聚合入口","优先抓取并维持服务端分页内链"
"A","https://worldcleanbiz.com/guides/sourcing","指南目录","9","","","","","","高意图专题聚合入口","优先抓取并维持服务端分页内链"
"A","https://worldcleanbiz.com/blog/series/building-worlds-no-1-cleaning-show-from-scratch","专题目录","8","","","","","","稳定专题聚合入口","保留索引并从Blog/文章持续链接"
"A","https://worldcleanbiz.com/wcb-expo","展会页","8","","","","","","核心品牌与活动实体页面","优先抓取并保持导航/首页入口"
"A","https://worldcleanbiz.com/brands/black-decker","品牌页","6","","","3","","","3篇文章建立品牌关系","从高流量相关文章强化品牌页入口"
"A","https://worldcleanbiz.com/brands/bosch-home-appliances","品牌页","6","","","3","","","3篇文章建立品牌关系","从高流量相关文章强化品牌页入口"
"A","https://worldcleanbiz.com/brands/bosch-power-tools","品牌页","6","","","7","","","7篇文章建立品牌关系","从高流量相关文章强化品牌页入口"
"A","https://worldcleanbiz.com/brands/dirt-devil","品牌页","6","","","4","","","4篇文章建立品牌关系","从高流量相关文章强化品牌页入口"
"A","https://worldcleanbiz.com/brands/dji-romo","品牌页","6","","","4","","","4篇文章建立品牌关系","从高流量相关文章强化品牌页入口"
"A","https://worldcleanbiz.com/brands/dreame","品牌页","6","","","3","","","3篇文章建立品牌关系","从高流量相关文章强化品牌页入口"
"A","https://worldcleanbiz.com/brands/ecovacs","品牌页","6","","","4","","","4篇文章建立品牌关系","从高流量相关文章强化品牌页入口"
"A","https://worldcleanbiz.com/brands/philips-home-appliances","品牌页","6","","","3","","","3篇文章建立品牌关系","从高流量相关文章强化品牌页入口"
"A","https://worldcleanbiz.com/brands/roborock","品牌页","6","","","3","","","3篇文章建立品牌关系","从高流量相关文章强化品牌页入口"
"A","https://worldcleanbiz.com/brands/segway-navimow","品牌页","6","","","5","","","5篇文章建立品牌关系","从高流量相关文章强化品牌页入口"
"B","https://worldcleanbiz.com/blog/autonomous-floor-scrubber","文章","8","2026-07-20","2233","7","3","7","指南型内容；内容深度高；站内引用较强","补2-3条相关正文内链，按主题批次观察抓取"
"B","https://worldcleanbiz.com/blog/beatbot-robotic-pool-cleaner-buying-guide","文章","8","2026-07-26","2317","2","4","0","指南型内容；商业/采购意图；内容深度高；无外部证据链接","补2-3条相关正文内链，按主题批次观察抓取"
"B","https://worldcleanbiz.com/blog/bissell-little-green-hydrosteam-vs-shark-stainstriker-hairpro","文章","8","2026-07-26","2414","1","4","0","指南型内容；商业/采购意图；内容深度高；无外部证据链接","补2-3条相关正文内链，按主题批次观察抓取"
"B","https://worldcleanbiz.com/blog/bissell-little-green-vs-spotclean","文章","8","2026-07-26","2182","1","3","1","指南型内容；商业/采购意图；内容深度高","补2-3条相关正文内链，按主题批次观察抓取"
"B","https://worldcleanbiz.com/blog/can-you-swim-with-a-robotic-pool-cleaner","文章","8","2026-07-20","2678","1","8","11","指南型内容；内容深度高","补2-3条相关正文内链，按主题批次观察抓取"
"B","https://worldcleanbiz.com/blog/floor-scrubber-maintenance-checklist","文章","8","2026-07-24","3298","1","6","4","指南型内容；内容深度高","补2-3条相关正文内链，按主题批次观察抓取"
"B","https://worldcleanbiz.com/blog/floor-scrubber-not-dispensing-water","文章","8","2026-07-24","2980","1","5","5","指南型内容；内容深度高","补2-3条相关正文内链，按主题批次观察抓取"
"B","https://worldcleanbiz.com/blog/industrial-cleaning-equipment-market","文章","8","2026-07-24","2350","1","7","8","指南型内容；内容深度高","补2-3条相关正文内链，按主题批次观察抓取"
"B","https://worldcleanbiz.com/blog/robot-lawn-mower-buying-guide","文章","8","2026-07-26","1564","9","5","0","指南型内容；商业/采购意图；站内引用较强；无外部证据链接","补2-3条相关正文内链，按主题批次观察抓取"
"B","https://worldcleanbiz.com/blog/robot-lawn-mower-maintenance-winter-storage","文章","8","2026-07-25","2894","2","4","7","指南型内容；内容深度高","补2-3条相关正文内链，按主题批次观察抓取"
"B","https://worldcleanbiz.com/blog/robot-lawn-mowers-for-small-yards","文章","8","2026-07-26","2442","2","4","0","指南型内容；商业/采购意图；内容深度高；无外部证据链接","补2-3条相关正文内链，按主题批次观察抓取"
"B","https://worldcleanbiz.com/blog/robot-vacuum-for-pet-hair-buying-guide","文章","8","2026-07-26","2333","2","4","0","指南型内容；商业/采购意图；内容深度高；无外部证据链接","补2-3条相关正文内链，按主题批次观察抓取"
"B","https://worldcleanbiz.com/blog/robotic-pool-cleaner-not-climbing-walls","文章","8","2026-07-21","3501","1","5","9","指南型内容；内容深度高","补2-3条相关正文内链，按主题批次观察抓取"
"B","https://worldcleanbiz.com/blog/robotic-pool-cleaner-not-moving","文章","8","2026-07-21","3326","1","7","4","指南型内容；内容深度高","补2-3条相关正文内链，按主题批次观察抓取"
"B","https://worldcleanbiz.com/blog/robotic-pool-cleaner-not-picking-up-debris","文章","8","2026-07-24","2952","2","6","11","指南型内容；内容深度高","补2-3条相关正文内链，按主题批次观察抓取"
"B","https://worldcleanbiz.com/blog/what-brands-does-fluidra-own","文章","8","2026-07-23","2572","2","6","7","指南型内容；内容深度高","补2-3条相关正文内链，按主题批次观察抓取"
"B","https://worldcleanbiz.com/blog/what-is-a-carpet-extractor","文章","8","2026-07-23","2358","2","6","6","指南型内容；内容深度高","补2-3条相关正文内链，按主题批次观察抓取"
"B","https://worldcleanbiz.com/blog/who-makes-hart-tools-walmart-tti-2026","文章","8","2026-08-04","1195","1","4","5","指南型内容；商业/采购意图","补2-3条相关正文内链，按主题批次观察抓取"
"B","https://worldcleanbiz.com/blog/who-owns-eufy-anker-smart-home","文章","8","2026-08-08","1800","1","3","6","指南型内容；商业/采购意图","补2-3条相关正文内链，按主题批次观察抓取"
"B","https://worldcleanbiz.com/blog/who-owns-matco-tools-vontier","文章","8","2026-08-05","1154","1","8","6","指南型内容；商业/采购意图","补2-3条相关正文内链，按主题批次观察抓取"
"B","https://worldcleanbiz.com/blog/who-owns-sharkninja-js-global-joyoung","文章","8","2026-07-17","1922","2","2","6","指南型内容；商业/采购意图","补2-3条相关正文内链，按主题批次观察抓取"
"B","https://worldcleanbiz.com/blog/who-owns-shop-vac-greatstar-manufacturing","文章","8","2026-08-09","1668","1","3","11","指南型内容；商业/采购意图","补2-3条相关正文内链，按主题批次观察抓取"
"B","https://worldcleanbiz.com/blog/aiper-robotic-pool-cleaner-buying-guide","文章","7","2026-07-26","2810","0","6","11","指南型内容；商业/采购意图；内容深度高；无文章内链入站","补2-3条相关正文内链，按主题批次观察抓取"
"B","https://worldcleanbiz.com/blog/bissell-robot-vacuums-flexclean-strategy","文章","7","2026-07-25","2757","0","4","8","指南型内容；商业/采购意图；内容深度高；无文章内链入站","补2-3条相关正文内链，按主题批次观察抓取"
"B","https://worldcleanbiz.com/blog/car-vacuum-cleaner-buying-guide","文章","7","2026-07-26","2539","0","5","2","指南型内容；商业/采购意图；内容深度高；无文章内链入站","补2-3条相关正文内链，按主题批次观察抓取"
"B","https://worldcleanbiz.com/blog/carpet-extractor-vs-steam-cleaner","文章","7","2026-07-24","2157","0","5","9","指南型内容；商业/采购意图；内容深度高；无文章内链入站","补2-3条相关正文内链，按主题批次观察抓取"
"B","https://worldcleanbiz.com/blog/dyson-v15-detect-vs-gen5detect","文章","7","2026-07-26","1837","1","4","0","指南型内容；商业/采购意图；无外部证据链接","补2-3条相关正文内链，按主题批次观察抓取"
"B","https://worldcleanbiz.com/blog/is-roborock-owned-by-xiaomi","文章","7","2026-07-17","1937","3","2","8","指南型内容；站内引用较强","补2-3条相关正文内链，按主题批次观察抓取"
"B","https://worldcleanbiz.com/blog/mammotion-luba-vs-yuka-robot-mowers","文章","7","2026-07-26","2055","1","3","0","指南型内容；商业/采购意图；内容深度高；无外部证据链接","补2-3条相关正文内链，按主题批次观察抓取"
"B","https://worldcleanbiz.com/blog/robot-lawn-mowers-for-large-lawns","文章","7","2026-07-26","2684","1","3","7","指南型内容；内容深度高","补2-3条相关正文内链，按主题批次观察抓取"
"B","https://worldcleanbiz.com/blog/robot-vacuum-vs-cordless-vacuum","文章","7","2026-07-27","1868","1","4","0","指南型内容；商业/采购意图；无外部证据链接","补2-3条相关正文内链，按主题批次观察抓取"
"B","https://worldcleanbiz.com/blog/robotic-lawn-mower-oem-odm-guide","文章","7","2026-07-25","2811","0","6","6","指南型内容；商业/采购意图；内容深度高；无文章内链入站","补2-3条相关正文内链，按主题批次观察抓取"
"B","https://worldcleanbiz.com/blog/sample-testing-cleaning-appliances-china","文章","7","2026-06-16T13:33:38+08:00","3663","3","22","0","指南型内容；内容深度高；站内引用较强；无外部证据链接","补2-3条相关正文内链，按主题批次观察抓取"
"B","https://worldcleanbiz.com/blog/shark-stainstriker-vs-bissell-little-green","文章","7","2026-07-26","1805","2","4","0","指南型内容；商业/采购意图；无外部证据链接","补2-3条相关正文内链，按主题批次观察抓取"
"B","https://worldcleanbiz.com/blog/spare-parts-warranty-cleaning-appliances-china","文章","7","2026-06-16T14:12:30+08:00","3648","6","22","0","指南型内容；内容深度高；站内引用较强；无外部证据链接","补2-3条相关正文内链，按主题批次观察抓取"
"B","https://worldcleanbiz.com/blog/tineco-vs-dreame-floor-washers","文章","7","2026-07-27","2076","0","4","6","指南型内容；商业/采购意图；内容深度高；无文章内链入站","补2-3条相关正文内链，按主题批次观察抓取"
"B","https://worldcleanbiz.com/blog/where-are-dyson-vacuums-made","文章","7","2026-07-26","2097","0","5","5","指南型内容；商业/采购意图；内容深度高；无文章内链入站","补2-3条相关正文内链，按主题批次观察抓取"
"B","https://worldcleanbiz.com/blog/aiper-scuba-v3-ultra-vs-beatbot-aquasense-x","文章","6","2026-07-26","2091","0","3","4","指南型内容；商业/采购意图；内容深度高；无文章内链入站","补2-3条相关正文内链，按主题批次观察抓取"
"B","https://worldcleanbiz.com/blog/building-worlds-no-1-cleaning-show-from-scratch-episode-01","文章","6","2026-07-20","2654","1","7","0","指南型内容；内容深度高；无外部证据链接","补2-3条相关正文内链，按主题批次观察抓取"
"B","https://worldcleanbiz.com/blog/hoover-cleanslate-vs-shark-stainstriker","文章","6","2026-07-26","1320","0","4","4","指南型内容；商业/采购意图；无文章内链入站","补2-3条相关正文内链，按主题批次观察抓取"
"B","https://worldcleanbiz.com/blog/narwal-vs-ecovacs-robot-vacuums","文章","6","2026-07-26","1393","0","4","4","指南型内容；商业/采购意图；无文章内链入站","补2-3条相关正文内链，按主题批次观察抓取"
"B","https://worldcleanbiz.com/blog/roborock-rockmow-z1-vs-mammotion-luba-3-awd","文章","6","2026-07-26","2684","0","3","10","指南型内容；商业/采购意图；内容深度高；无文章内链入站","补2-3条相关正文内链，按主题批次观察抓取"
"B","https://worldcleanbiz.com/blog/robot-mower-dealer-networks","文章","6","2026-07-24","1559","6","5","0","指南型内容；站内引用较强；无外部证据链接","补2-3条相关正文内链，按主题批次观察抓取"
"B","https://worldcleanbiz.com/blog/robot-vacuum-distributor-dealer-guide","文章","6","2026-07-26","2346","1","4","0","指南型内容；内容深度高；无外部证据链接","补2-3条相关正文内链，按主题批次观察抓取"
"B","https://worldcleanbiz.com/blog/robotic-pool-cleaner-distributor-dealer-guide","文章","6","2026-07-26","2294","5","3","0","指南型内容；内容深度高；站内引用较强；无外部证据链接","补2-3条相关正文内链，按主题批次观察抓取"
"B","https://worldcleanbiz.com/blog/robotic-trimmers-edge-cutting-robots","文章","6","2026-07-24","2567","1","7","0","指南型内容；内容深度高；无外部证据链接","补2-3条相关正文内链，按主题批次观察抓取"
"B","https://worldcleanbiz.com/blog/spot-cleaner-manufacturing-cost","文章","6","2026-07-26","1698","0","4","5","指南型内容；商业/采购意图；无文章内链入站","补2-3条相关正文内链，按主题批次观察抓取"
"B","https://worldcleanbiz.com/blog/vs-industry-bissell-three-year-agreement","文章","6","2026-06-09T12:00:00+08:00","1093","1","10","0","指南型内容；商业/采购意图；无外部证据链接","补2-3条相关正文内链，按主题批次观察抓取"
"B","https://worldcleanbiz.com/blog/who-makes-bauer-tools-harbor-freight","文章","6","2026-08-05","998","1","5","4","指南型内容；商业/采购意图；正文少于1000词","补2-3条相关正文内链，按主题批次观察抓取"
"B","https://worldcleanbiz.com/blog/who-makes-masterforce-tools-menards","文章","6","2026-08-05","909","1","5","4","指南型内容；商业/采购意图；正文少于1000词","补2-3条相关正文内链，按主题批次观察抓取"
"B","https://worldcleanbiz.com/blog/who-makes-ozito-tools-einhell-bunnings","文章","6","2026-08-05","1336","0","8","6","指南型内容；商业/采购意图；无文章内链入站","补2-3条相关正文内链，按主题批次观察抓取"
"B","https://worldcleanbiz.com/blog/who-owns-aeg-power-tools-tti-license","文章","6","2026-08-08","1590","0","11","8","指南型内容；商业/采购意图；无文章内链入站","补2-3条相关正文内链，按主题批次观察抓取"
"B","https://worldcleanbiz.com/blog/who-owns-dremel-bosch-manufacturing","文章","6","2026-08-04","1945","0","4","6","指南型内容；商业/采购意图；无文章内链入站","补2-3条相关正文内链，按主题批次观察抓取"
"B","https://worldcleanbiz.com/blog/who-owns-fein-tools-company-manufacturing","文章","6","2026-08-05","1239","0","8","5","指南型内容；商业/采购意图；无文章内链入站","补2-3条相关正文内链，按主题批次观察抓取"
"B","https://worldcleanbiz.com/blog/who-owns-mac-tools-stanley-black-decker","文章","6","2026-08-09","1473","0","10","8","指南型内容；商业/采购意图；无文章内链入站","补2-3条相关正文内链，按主题批次观察抓取"
"B","https://worldcleanbiz.com/blog/who-owns-triton-tools-timbecon","文章","6","2026-08-09","1653","0","8","7","指南型内容；商业/采购意图；无文章内链入站","补2-3条相关正文内链，按主题批次观察抓取"
"B","https://worldcleanbiz.com/blog/aiper-surfer-s2-vs-betta-se-plus","文章","5","2026-07-26","1976","0","3","6","指南型内容；商业/采购意图；无文章内链入站","补2-3条相关正文内链，按主题批次观察抓取"
"B","https://worldcleanbiz.com/blog/autonomous-floor-scrubber-roi-calculator","文章","5","2026-07-25","2533","0","4","3","指南型内容；内容深度高；无文章内链入站","补2-3条相关正文内链，按主题批次观察抓取"
"B","https://worldcleanbiz.com/blog/beatbot-vs-polaris-robotic-pool-cleaners","文章","5","2026-07-26","1665","0","3","5","指南型内容；商业/采购意图；无文章内链入站","补2-3条相关正文内链，按主题批次观察抓取"
"B","https://worldcleanbiz.com/blog/best-robot-vacuum-buying-guide-2022","文章","5","2026-06-09T12:00:00+08:00","2119","0","10","0","指南型内容；商业/采购意图；内容深度高；无文章内链入站；无外部证据链接","补2-3条相关正文内链，按主题批次观察抓取"
"B","https://worldcleanbiz.com/blog/building-worlds-no-1-cleaning-show-from-scratch-episode-02","文章","5","2026-07-28","2505","1","15","3","内容深度高","补2-3条相关正文内链，按主题批次观察抓取"
"B","https://worldcleanbiz.com/blog/car-vacuum-cleaner-manufacturing-cost","文章","5","2026-07-27","1931","0","4","1","指南型内容；商业/采购意图；无文章内链入站","补2-3条相关正文内链，按主题批次观察抓取"
"B","https://worldcleanbiz.com/blog/dji-romo-p-vs-ecovacs-deebot-x11","文章","5","2026-07-26","2676","0","4","0","指南型内容；商业/采购意图；内容深度高；无文章内链入站；无外部证据链接","补2-3条相关正文内链，按主题批次观察抓取"
"B","https://worldcleanbiz.com/blog/dreame-a2-vs-ecovacs-goat-a3000-lidar","文章","5","2026-07-26","2495","0","4","0","指南型内容；商业/采购意图；内容深度高；无文章内链入站；无外部证据链接","补2-3条相关正文内链，按主题批次观察抓取"
"B","https://worldcleanbiz.com/blog/floor-washer-manufacturing-cost","文章","5","2026-07-27","1981","0","4","1","指南型内容；商业/采购意图；无文章内链入站","补2-3条相关正文内链，按主题批次观察抓取"
"B","https://worldcleanbiz.com/blog/hard-floor-washer-buying-guide-2022","文章","5","2026-06-10T12:00:00+08:00","3667","0","4","0","指南型内容；商业/采购意图；内容深度高；无文章内链入站；无外部证据链接","补2-3条相关正文内链，按主题批次观察抓取"
"B","https://worldcleanbiz.com/blog/roborock-robot-mowers-product-line-dealer-rollout","文章","5","2026-07-25","2315","0","4","10","指南型内容；内容深度高；无文章内链入站","补2-3条相关正文内链，按主题批次观察抓取"
"B","https://worldcleanbiz.com/blog/robot-lawn-mower-keeps-getting-stuck","文章","5","2026-07-21","2921","0","7","9","指南型内容；内容深度高；无文章内链入站","补2-3条相关正文内链，按主题批次观察抓取"
"B","https://worldcleanbiz.com/blog/robotic-lawn-mowing-business","文章","5","2026-07-20","2923","0","7","8","指南型内容；内容深度高；无文章内链入站","补2-3条相关正文内链，按主题批次观察抓取"
"B","https://worldcleanbiz.com/blog/robotic-mower-sales-channels","文章","5","2026-07-26","3518","2","7","7","内容深度高","补2-3条相关正文内链，按主题批次观察抓取"
"B","https://worldcleanbiz.com/blog/robotic-pool-cleaner-not-charging","文章","5","2026-07-23","3745","0","5","9","指南型内容；内容深度高；无文章内链入站","补2-3条相关正文内链，按主题批次观察抓取"
"B","https://worldcleanbiz.com/blog/robotic-pool-cleaner-product-roadmap","文章","5","2026-07-23T22:02:42+08:00","5113","1","6","17","内容深度高","补2-3条相关正文内链，按主题批次观察抓取"
"B","https://worldcleanbiz.com/blog/robotic-pool-cleaner-replacement-parts-guide","文章","5","2026-07-27","1693","1","4","0","指南型内容；无外部证据链接","补2-3条相关正文内链，按主题批次观察抓取"
"B","https://worldcleanbiz.com/blog/segway-navimow-vs-husqvarna-automower","文章","5","2026-07-26","2652","0","4","0","指南型内容；商业/采购意图；内容深度高；无文章内链入站；无外部证据链接","补2-3条相关正文内链，按主题批次观察抓取"
"B","https://worldcleanbiz.com/blog/segway-navimow-vs-worx-landroid-robot-mowers","文章","5","2026-07-26","1768","0","3","5","指南型内容；商业/采购意图；无文章内链入站","补2-3条相关正文内链，按主题批次观察抓取"
"B","https://worldcleanbiz.com/blog/shark-powerdetect-speed-vs-dyson-v16-piston-animal","文章","5","2026-07-26","2457","0","4","0","指南型内容；商业/采购意图；内容深度高；无文章内链入站；无外部证据链接","补2-3条相关正文内链，按主题批次观察抓取"
"B","https://worldcleanbiz.com/blog/sunseeker-vs-mammotion-robot-mowers","文章","5","2026-07-26","1864","0","3","6","指南型内容；商业/采购意图；无文章内链入站","补2-3条相关正文内链，按主题批次观察抓取"
"B","https://worldcleanbiz.com/blog/ultrasonic-cleaning-market","文章","5","2026-07-25","2471","0","7","6","指南型内容；内容深度高；无文章内链入站","补2-3条相关正文内链，按主题批次观察抓取"
"B","https://worldcleanbiz.com/blog/vs-industry-dyson-bissell-supplier-shift","文章","5","2026-06-09T12:00:00+08:00","1961","2","0","0","指南型内容；商业/采购意图；无正文内链；无外部证据链接","补2-3条相关正文内链，按主题批次观察抓取"
"B","https://worldcleanbiz.com/blog/who-owns-kress-positec-robot-mowers","文章","5","2026-08-04","1056","0","5","5","指南型内容；商业/采购意图；无文章内链入站","补2-3条相关正文内链，按主题批次观察抓取"
"B","https://worldcleanbiz.com/blog/wybot-vs-dolphin-robotic-pool-cleaners","文章","5","2026-07-26","1774","0","3","5","指南型内容；商业/采购意图；无文章内链入站","补2-3条相关正文内链，按主题批次观察抓取"
"B","https://worldcleanbiz.com/blog/milwaukee-next-stop-20-billion","文章","4","2026-07-25","2399","1","3","5","内容深度高","补2-3条相关正文内链，按主题批次观察抓取"
"B","https://worldcleanbiz.com/blog/robot-lawn-mower-vs-ride-on-mower","文章","4","2026-07-27","1888","0","4","0","指南型内容；商业/采购意图；无文章内链入站；无外部证据链接","补2-3条相关正文内链，按主题批次观察抓取"
"B","https://worldcleanbiz.com/blog/robotic-pool-cleaner-manufacturing-cost","文章","4","2026-07-26","2595","0","3","0","指南型内容；商业/采购意图；内容深度高；无文章内链入站；无外部证据链接","补2-3条相关正文内链，按主题批次观察抓取"
"B","https://worldcleanbiz.com/blog/stanley-black-decker-q2-2026-power-tools-recovery","文章","4","2026-08-01","1240","2","4","7","基础内容信号正常","补2-3条相关正文内链，按主题批次观察抓取"
"B","https://worldcleanbiz.com/blog/bissell-vs-tineco-patent-details","文章","3","2026-06-09T17:25:01+08:00","1078","0","12","0","指南型内容；商业/采购意图；无文章内链入站；无外部证据链接","补2-3条相关正文内链，按主题批次观察抓取"
"B","https://worldcleanbiz.com/blog/building-worlds-no-1-cleaning-show-from-scratch-episode-03","文章","3","2026-08-03","3509","1","15","0","内容深度高；无外部证据链接","补2-3条相关正文内链，按主题批次观察抓取"
"B","https://worldcleanbiz.com/blog/commercial-robotic-mower-market-navimow-mammotion","文章","3","2026-07-26","1979","1","3","10","基础内容信号正常","补2-3条相关正文内链，按主题批次观察抓取"
"B","https://worldcleanbiz.com/blog/complete-vacuum-cleaner-buying-guide-20221006","文章","3","2026-06-09T17:10:05+08:00","3012","0","0","0","指南型内容；商业/采购意图；内容深度高；无文章内链入站；无正文内链；无外部证据链接","补2-3条相关正文内链，按主题批次观察抓取"
"B","https://worldcleanbiz.com/blog/miele-duoflex-hx2-floor-washer","文章","3","2026-07-25","1398","1","3","5","基础内容信号正常","补2-3条相关正文内链，按主题批次观察抓取"
"B","https://worldcleanbiz.com/blog/shark-hydrovac-vs-bissell-crosswave","文章","3","2026-07-26","1998","0","3","0","指南型内容；商业/采购意图；无文章内链入站；无外部证据链接","补2-3条相关正文内链，按主题批次观察抓取"
"B","https://worldcleanbiz.com/blog/spot-cleaners-car-detailing-guide","文章","3","2026-07-27","1834","0","4","1","指南型内容；无文章内链入站","补2-3条相关正文内链，按主题批次观察抓取"
"B","https://worldcleanbiz.com/blog/who-makes-hercules-tools-harbor-freight","文章","3","2026-08-05","954","0","5","5","指南型内容；商业/采购意图；正文少于1000词；无文章内链入站","补2-3条相关正文内链，按主题批次观察抓取"
"B","https://worldcleanbiz.com/brands/aeg","品牌页","3","","","1","","","1篇文章建立品牌关系","补相关文章关系与正文品牌链接后再观察"
"B","https://worldcleanbiz.com/brands/aiper","品牌页","3","","","0","","","品牌目录可发现但缺少文章级关系","补相关文章关系与正文品牌链接后再观察"
"B","https://worldcleanbiz.com/brands/aquabot","品牌页","3","","","0","","","品牌目录可发现但缺少文章级关系","补相关文章关系与正文品牌链接后再观察"
"B","https://worldcleanbiz.com/brands/beatbot","品牌页","3","","","0","","","品牌目录可发现但缺少文章级关系","补相关文章关系与正文品牌链接后再观察"
"B","https://worldcleanbiz.com/brands/bissell","品牌页","3","","","0","","","品牌目录可发现但缺少文章级关系","补相关文章关系与正文品牌链接后再观察"
"B","https://worldcleanbiz.com/brands/commercial-industrial-cleaning","品牌页","3","","","0","","","品牌目录可发现但缺少文章级关系","补相关文章关系与正文品牌链接后再观察"
"B","https://worldcleanbiz.com/brands/craftsman","品牌页","3","","","0","","","品牌目录可发现但缺少文章级关系","补相关文章关系与正文品牌链接后再观察"
"B","https://worldcleanbiz.com/brands/dewalt","品牌页","3","","","1","","","1篇文章建立品牌关系","补相关文章关系与正文品牌链接后再观察"
"B","https://worldcleanbiz.com/brands/dremel","品牌页","3","","","1","","","1篇文章建立品牌关系","补相关文章关系与正文品牌链接后再观察"
"B","https://worldcleanbiz.com/brands/dyson","品牌页","3","","","0","","","品牌目录可发现但缺少文章级关系","补相关文章关系与正文品牌链接后再观察"
"B","https://worldcleanbiz.com/brands/electrolux","品牌页","3","","","2","","","2篇文章建立品牌关系","补相关文章关系与正文品牌链接后再观察"
"B","https://worldcleanbiz.com/brands/eufy","品牌页","3","","","1","","","1篇文章建立品牌关系","补相关文章关系与正文品牌链接后再观察"
"B","https://worldcleanbiz.com/brands/eureka","品牌页","3","","","0","","","品牌目录可发现但缺少文章级关系","补相关文章关系与正文品牌链接后再观察"
"B","https://worldcleanbiz.com/brands/festool","品牌页","3","","","1","","","1篇文章建立品牌关系","补相关文章关系与正文品牌链接后再观察"
"B","https://worldcleanbiz.com/brands/flex","品牌页","3","","","1","","","1篇文章建立品牌关系","补相关文章关系与正文品牌链接后再观察"
"B","https://worldcleanbiz.com/brands/floorcare-home-cleaning","品牌页","3","","","0","","","品牌目录可发现但缺少文章级关系","补相关文章关系与正文品牌链接后再观察"
"B","https://worldcleanbiz.com/brands/fluidra","品牌页","3","","","0","","","品牌目录可发现但缺少文章级关系","补相关文章关系与正文品牌链接后再观察"
"B","https://worldcleanbiz.com/brands/greenworks","品牌页","3","","","0","","","品牌目录可发现但缺少文章级关系","补相关文章关系与正文品牌链接后再观察"
"B","https://worldcleanbiz.com/brands/hayward","品牌页","3","","","0","","","品牌目录可发现但缺少文章级关系","补相关文章关系与正文品牌链接后再观察"
"B","https://worldcleanbiz.com/brands/hikoki","品牌页","3","","","1","","","1篇文章建立品牌关系","补相关文章关系与正文品牌链接后再观察"
"B","https://worldcleanbiz.com/brands/hilti","品牌页","3","","","1","","","1篇文章建立品牌关系","补相关文章关系与正文品牌链接后再观察"
"B","https://worldcleanbiz.com/brands/hoover","品牌页","3","","","0","","","品牌目录可发现但缺少文章级关系","补相关文章关系与正文品牌链接后再观察"
"B","https://worldcleanbiz.com/brands/husqvarna","品牌页","3","","","1","","","1篇文章建立品牌关系","补相关文章关系与正文品牌链接后再观察"
"B","https://worldcleanbiz.com/brands/irobot","品牌页","3","","","1","","","1篇文章建立品牌关系","补相关文章关系与正文品牌链接后再观察"
"B","https://worldcleanbiz.com/brands/karcher","品牌页","3","","","0","","","品牌目录可发现但缺少文章级关系","补相关文章关系与正文品牌链接后再观察"
"B","https://worldcleanbiz.com/brands/kobalt","品牌页","3","","","0","","","品牌目录可发现但缺少文章级关系","补相关文章关系与正文品牌链接后再观察"
"B","https://worldcleanbiz.com/brands/lawn-garden-equipment","品牌页","3","","","1","","","1篇文章建立品牌关系","补相关文章关系与正文品牌链接后再观察"
"B","https://worldcleanbiz.com/brands/makita","品牌页","3","","","0","","","品牌目录可发现但缺少文章级关系","补相关文章关系与正文品牌链接后再观察"
"B","https://worldcleanbiz.com/brands/mammotion","品牌页","3","","","0","","","品牌目录可发现但缺少文章级关系","补相关文章关系与正文品牌链接后再观察"
"B","https://worldcleanbiz.com/brands/maytronics","品牌页","3","","","0","","","品牌目录可发现但缺少文章级关系","补相关文章关系与正文品牌链接后再观察"
"B","https://worldcleanbiz.com/brands/metabo","品牌页","3","","","1","","","1篇文章建立品牌关系","补相关文章关系与正文品牌链接后再观察"
"B","https://worldcleanbiz.com/brands/midea","品牌页","3","","","2","","","2篇文章建立品牌关系","补相关文章关系与正文品牌链接后再观察"
"B","https://worldcleanbiz.com/brands/miele","品牌页","3","","","0","","","品牌目录可发现但缺少文章级关系","补相关文章关系与正文品牌链接后再观察"
"B","https://worldcleanbiz.com/brands/milwaukee","品牌页","3","","","0","","","品牌目录可发现但缺少文章级关系","补相关文章关系与正文品牌链接后再观察"
"B","https://worldcleanbiz.com/brands/mova","品牌页","3","","","0","","","品牌目录可发现但缺少文章级关系","补相关文章关系与正文品牌链接后再观察"
"B","https://worldcleanbiz.com/brands/narwal","品牌页","3","","","0","","","品牌目录可发现但缺少文章级关系","补相关文章关系与正文品牌链接后再观察"
"B","https://worldcleanbiz.com/brands/nilfisk","品牌页","3","","","1","","","1篇文章建立品牌关系","补相关文章关系与正文品牌链接后再观察"
"B","https://worldcleanbiz.com/brands/oreck","品牌页","3","","","0","","","品牌目录可发现但缺少文章级关系","补相关文章关系与正文品牌链接后再观察"
"B","https://worldcleanbiz.com/brands/pentair","品牌页","3","","","0","","","品牌目录可发现但缺少文章级关系","补相关文章关系与正文品牌链接后再观察"
"B","https://worldcleanbiz.com/brands/polaris","品牌页","3","","","1","","","1篇文章建立品牌关系","补相关文章关系与正文品牌链接后再观察"
"B","https://worldcleanbiz.com/brands/pool-equipment-pool-care","品牌页","3","","","1","","","1篇文章建立品牌关系","补相关文章关系与正文品牌链接后再观察"
"B","https://worldcleanbiz.com/brands/power-tools","品牌页","3","","","0","","","品牌目录可发现但缺少文章级关系","补相关文章关系与正文品牌链接后再观察"
"B","https://worldcleanbiz.com/brands/ryobi","品牌页","3","","","0","","","品牌目录可发现但缺少文章级关系","补相关文章关系与正文品牌链接后再观察"
"B","https://worldcleanbiz.com/brands/shark","品牌页","3","","","0","","","品牌目录可发现但缺少文章级关系","补相关文章关系与正文品牌链接后再观察"
"B","https://worldcleanbiz.com/brands/skil","品牌页","3","","","0","","","品牌目录可发现但缺少文章级关系","补相关文章关系与正文品牌链接后再观察"
"B","https://worldcleanbiz.com/brands/stihl","品牌页","3","","","1","","","1篇文章建立品牌关系","补相关文章关系与正文品牌链接后再观察"
"B","https://worldcleanbiz.com/brands/sunseeker","品牌页","3","","","0","","","品牌目录可发现但缺少文章级关系","补相关文章关系与正文品牌链接后再观察"
"B","https://worldcleanbiz.com/brands/tineco","品牌页","3","","","1","","","1篇文章建立品牌关系","补相关文章关系与正文品牌链接后再观察"
"B","https://worldcleanbiz.com/brands/vax","品牌页","3","","","0","","","品牌目录可发现但缺少文章级关系","补相关文章关系与正文品牌链接后再观察"
"B","https://worldcleanbiz.com/brands/worx","品牌页","3","","","0","","","品牌目录可发现但缺少文章级关系","补相关文章关系与正文品牌链接后再观察"
"B","https://worldcleanbiz.com/brands/wybot","品牌页","3","","","0","","","品牌目录可发现但缺少文章级关系","补相关文章关系与正文品牌链接后再观察"
"B","https://worldcleanbiz.com/blog/dewalts-rise-harvard-case","文章","2","2026-06-09T13:50:07+08:00","1823","1","10","0","无外部证据链接","补2-3条相关正文内链，按主题批次观察抓取"
"B","https://worldcleanbiz.com/blog/dyson-at-a-crossroads","文章","2","2026-06-09T16:55:01+08:00","1686","1","11","0","无外部证据链接","补2-3条相关正文内链，按主题批次观察抓取"
"B","https://worldcleanbiz.com/blog/ecovacs-at-a-crossroads","文章","2","2026-06-09T16:55:03+08:00","1273","1","7","0","无外部证据链接","补2-3条相关正文内链，按主题批次观察抓取"
"B","https://worldcleanbiz.com/blog/freudenberg-acquires-nilfisk","文章","2","2026-07-24T00:28:44+08:00","1135","1","2","11","基础内容信号正常","补2-3条相关正文内链，按主题批次观察抓取"
"B","https://worldcleanbiz.com/blog/robot-lawn-mowers-golf-courses-sports-fields","文章","2","2026-07-27","1861","0","4","0","指南型内容；无文章内链入站；无外部证据链接","补2-3条相关正文内链，按主题批次观察抓取"
"B","https://worldcleanbiz.com/blog/robotic-pool-cleaners-leaves-fine-debris","文章","2","2026-07-27","1745","0","5","0","指南型内容；无文章内链入站；无外部证据链接","补2-3条相关正文内链，按主题批次观察抓取"
"B","https://worldcleanbiz.com/blog/tineco-lacks-innovation","文章","2","2026-06-09T12:00:00+08:00","1309","1","10","0","无外部证据链接","补2-3条相关正文内链，按主题批次观察抓取"
"B","https://worldcleanbiz.com/blog/tti-cleaning-appliance-strategy","文章","2","2026-06-09T12:00:00+08:00","1206","1","4","0","无外部证据链接","补2-3条相关正文内链，按主题批次观察抓取"
"B","https://worldcleanbiz.com/blog/wybotics-from-oem-to-global-brand","文章","2","2026-07-21","1032","0","2","0","指南型内容；商业/采购意图；无文章内链入站；无外部证据链接","补2-3条相关正文内链，按主题批次观察抓取"
"B","https://worldcleanbiz.com/blog/hamilton-beach-2018-annual-report-faithful-translation","文章","1","2026-06-09T17:10:01+08:00","1196","1","21","0","无外部证据链接","补2-3条相关正文内链，按主题批次观察抓取"
"B","https://worldcleanbiz.com/blog/karcher-hidden-champion-in-cleaning-appliances","文章","1","2026-06-09T16:55:08+08:00","1133","1","15","0","无外部证据链接","补2-3条相关正文内链，按主题批次观察抓取"
"B","https://worldcleanbiz.com/blog/robotic-lawn-mower-market-size-yard-automation","文章","1","2026-06-21","1164","5","2","0","站内引用较强；无外部证据链接","补2-3条相关正文内链，按主题批次观察抓取"
"C","https://worldcleanbiz.com/blog/dyson-china-oem-history","文章","0","2026-06-09T17:10:03+08:00","512","2","0","0","指南型内容；商业/采购意图；正文少于600词；无正文内链；无外部证据链接","先补内容与证据；无独特价值时考虑合并或暂不催抓"
"C","https://worldcleanbiz.com/blog/fcc-robot-vacuum-lawn-mower-restrictions","文章","0","2026-07-30T13:36:49+08:00","1927","0","2","6","无文章内链入站","先补内容与证据；无独特价值时考虑合并或暂不催抓"
"C","https://worldcleanbiz.com/blog/hundred-years-of-cleaning-appliance-history","文章","0","2026-06-10T12:00:00+08:00","2022","0","109","0","内容深度高；无文章内链入站；无外部证据链接","先补内容与证据；无独特价值时考虑合并或暂不催抓"
"C","https://worldcleanbiz.com/blog/irobot-decline-and-the-new-robot-vacuum-order","文章","0","2026-06-10T12:00:00+08:00","1235","0","3","0","站内精选；无文章内链入站；无外部证据链接","先补内容与证据；无独特价值时考虑合并或暂不催抓"
"C","https://worldcleanbiz.com/blog/irobot-uncertain-future","文章","0","2026-06-09T12:59:07+08:00","1103","1","1","0","无外部证据链接","先补内容与证据；无独特价值时考虑合并或暂不催抓"
"C","https://worldcleanbiz.com/blog/roborock-rockmow-first-generation","文章","0","2026-07-25","1810","0","2","11","无文章内链入站","先补内容与证据；无独特价值时考虑合并或暂不催抓"
"C","https://worldcleanbiz.com/blog/survival-guide-under-xiaomi-ecosystem-pressure","文章","0","2026-06-10T12:00:00+08:00","2793","0","6","0","内容深度高；无文章内链入站；无外部证据链接","先补内容与证据；无独特价值时考虑合并或暂不催抓"
"C","https://worldcleanbiz.com/blog/underwater-lidar-for-robotic-pool-cleaners","文章","0","2026-07-21","1243","0","3","3","无文章内链入站","先补内容与证据；无独特价值时考虑合并或暂不催抓"
"C","https://worldcleanbiz.com/blog/anker-cleaning-appliance-strategy-analysis","文章","-1","2026-06-09T17:25:03+08:00","1663","0","4","0","无文章内链入站；无外部证据链接","先补内容与证据；无独特价值时考虑合并或暂不催抓"
"C","https://worldcleanbiz.com/blog/beatbot-in-leifeng-coverage","文章","-1","2026-06-09T16:55:10+08:00","772","1","4","0","正文少于1000词；无外部证据链接","先补内容与证据；无独特价值时考虑合并或暂不催抓"
"C","https://worldcleanbiz.com/blog/delonghi-group-company-history-and-appliance-brands","文章","-1","2026-06-09T17:45:03+08:00","644","1","17","0","正文少于1000词；无外部证据链接","先补内容与证据；无独特价值时考虑合并或暂不催抓"
"C","https://worldcleanbiz.com/blog/eve-of-the-robot-vacuum-battle","文章","-1","2026-06-10T12:00:00+08:00","3123","0","3","0","内容深度高；无文章内链入站；无外部证据链接","先补内容与证据；无独特价值时考虑合并或暂不催抓"
"C","https://worldcleanbiz.com/blog/global-power-tool-brands-reshaping-portfolios","文章","-1","2026-06-08T12:00:00+08:00","628","11","2","0","正文少于1000词；站内引用较强；无外部证据链接","先补内容与证据；无独特价值时考虑合并或暂不催抓"
"C","https://worldcleanbiz.com/blog/hidden-risks-in-cordless-vacuum-development","文章","-1","2026-06-09T18:45:00+08:00","773","5","3","0","正文少于1000词；站内引用较强；无外部证据链接","先补内容与证据；无独特价值时考虑合并或暂不催抓"
"C","https://worldcleanbiz.com/blog/kingclean-chairman-ni-formal-interview","文章","-1","2026-06-10T12:00:00+08:00","5356","0","2","0","内容深度高；无文章内链入站；无外部证据链接","先补内容与证据；无独特价值时考虑合并或暂不催抓"
"C","https://worldcleanbiz.com/blog/laifen-hard-floor-washer-entry-strategy","文章","-1","2026-06-10T12:00:00+08:00","2140","0","3","0","内容深度高；无文章内链入站；无外部证据链接","先补内容与证据；无独特价值时考虑合并或暂不催抓"
"C","https://worldcleanbiz.com/blog/midea-cleaning-appliance-past","文章","-1","2026-06-09T12:00:00+08:00","1193","1","0","0","无正文内链；无外部证据链接","先补内容与证据；无独特价值时考虑合并或暂不催抓"
"C","https://worldcleanbiz.com/blog/north-america-pool-industry-market","文章","-1","2026-07-31T23:48:59+08:00","1078","0","3","10","无文章内链入站","先补内容与证据；无独特价值时考虑合并或暂不催抓"
"C","https://worldcleanbiz.com/blog/roborock-at-a-crossroads","文章","-1","2026-06-09T17:25:09+08:00","1465","0","5","0","无文章内链入站；无外部证据链接","先补内容与证据；无独特价值时考虑合并或暂不催抓"
"C","https://worldcleanbiz.com/blog/robot-vacuum-industry-at-crossroads","文章","-1","2026-06-09T16:40:02+08:00","1229","0","7","0","无文章内链入站；无外部证据链接","先补内容与证据；无独特价值时考虑合并或暂不催抓"
"C","https://worldcleanbiz.com/blog/trade-war-scenario-analysis","文章","-1","2026-06-10T12:00:00+08:00","2092","0","1","0","内容深度高；无文章内链入站；无外部证据链接","先补内容与证据；无独特价值时考虑合并或暂不催抓"
"C","https://worldcleanbiz.com/blog/two-sides-of-dyson","文章","-1","2026-06-09T12:00:00+08:00","1603","0","5","0","无文章内链入站；无外部证据链接","先补内容与证据；无独特价值时考虑合并或暂不催抓"
"C","https://worldcleanbiz.com/blog/american-factory-and-manufacturing-transfer","文章","-2","2026-06-09T14:20:07+08:00","777","0","19","0","商业/采购意图；正文少于1000词；无文章内链入站；无外部证据链接","先补内容与证据；无独特价值时考虑合并或暂不催抓"
"C","https://worldcleanbiz.com/blog/anker-rmb-30-billion-shallow-sea-strategy","文章","-2","2026-06-15","1112","0","6","0","无文章内链入站；无外部证据链接","先补内容与证据；无独特价值时考虑合并或暂不催抓"
"C","https://worldcleanbiz.com/blog/dji-enters-robot-vacuums","文章","-2","2026-06-09T12:00:00+08:00","1514","0","3","0","无文章内链入站；无外部证据链接","先补内容与证据；无独特价值时考虑合并或暂不催抓"
"C","https://worldcleanbiz.com/blog/dji-is-running-out-of-time","文章","-2","2026-06-09T12:59:06+08:00","1466","0","1","0","无文章内链入站；无外部证据链接","先补内容与证据；无独特价值时考虑合并或暂不催抓"
"C","https://worldcleanbiz.com/blog/dyson-hard-floor-washer-exposed","文章","-2","2026-06-09T14:20:01+08:00","1087","0","14","0","无文章内链入站；无外部证据链接","先补内容与证据；无独特价值时考虑合并或暂不催抓"
"C","https://worldcleanbiz.com/blog/dyson-new-product-review","文章","-2","2026-06-09T12:00:00+08:00","1567","0","1","0","无文章内链入站；无外部证据链接","先补内容与证据；无独特价值时考虑合并或暂不催抓"
"C","https://worldcleanbiz.com/blog/dyson-new-product-review-2025","文章","-2","2026-06-09T17:35:03+08:00","1699","0","1","0","无文章内链入站；无外部证据链接","先补内容与证据；无独特价值时考虑合并或暂不催抓"
"C","https://worldcleanbiz.com/blog/ecovacs-invests-in-battery-cell-factory","文章","-2","2026-06-09T14:05:08+08:00","1258","0","1","0","无文章内链入站；无外部证据链接","先补内容与证据；无独特价值时考虑合并或暂不催抓"
"C","https://worldcleanbiz.com/blog/how-to-understand-complete-supply-chain-transfer","文章","-2","2026-06-09T14:05:02+08:00","954","0","1","0","指南型内容；正文少于1000词；无文章内链入站；无外部证据链接","先补内容与证据；无独特价值时考虑合并或暂不催抓"
"C","https://worldcleanbiz.com/blog/jan-6-2026-yard-cleaning-and-tool-news","文章","-2","2026-06-10T12:00:00+08:00","4455","0","0","0","内容深度高；无文章内链入站；无正文内链；无外部证据链接","先补内容与证据；无独特价值时考虑合并或暂不催抓"
"C","https://worldcleanbiz.com/blog/narwal-revival-story","文章","-2","2026-06-09T12:00:00+08:00","1411","0","1","0","无文章内链入站；无外部证据链接","先补内容与证据；无独特价值时考虑合并或暂不催抓"
"C","https://worldcleanbiz.com/blog/power-tools-new-cycle-cordless-specialization","文章","-2","2026-06-08T12:00:00+08:00","728","2","2","0","正文少于1000词；无外部证据链接","先补内容与证据；无独特价值时考虑合并或暂不催抓"
"C","https://worldcleanbiz.com/blog/robot-vacuum-ceiling-question","文章","-2","2026-06-09T12:00:00+08:00","1342","0","2","0","无文章内链入站；无外部证据链接","先补内容与证据；无独特价值时考虑合并或暂不催抓"
"C","https://worldcleanbiz.com/blog/robotic-mowers-outdoor-power-equipment-channels","文章","-2","2026-06-08T12:00:00+08:00","816","2","1","0","正文少于1000词；无外部证据链接","先补内容与证据；无独特价值时考虑合并或暂不催抓"
"C","https://worldcleanbiz.com/blog/robotic-mowers-retail-expansion-phase","文章","-2","2026-06-08T12:00:00+08:00","230","3","21","0","正文少于600词；站内引用较强；无外部证据链接","先补内容与证据；无独特价值时考虑合并或暂不催抓"
"C","https://worldcleanbiz.com/blog/sharkninja-hit-product-pipeline","文章","-2","2026-06-20T12:00:00+08:00","1636","0","3","0","无文章内链入站；无外部证据链接","先补内容与证据；无独特价值时考虑合并或暂不催抓"
"C","https://worldcleanbiz.com/blog/trump-return-and-end-of-trade-war","文章","-2","2026-06-10T12:00:00+08:00","1580","0","3","0","无文章内链入站；无外部证据链接","先补内容与证据；无独特价值时考虑合并或暂不催抓"
"C","https://worldcleanbiz.com/blog/uwant-resilience-in-china-cleaning-appliances","文章","-2","2026-06-10T12:00:00+08:00","1204","0","3","0","无文章内链入站；无外部证据链接","先补内容与证据；无独特价值时考虑合并或暂不催抓"
"C","https://worldcleanbiz.com/blog/xiaomi-ecosystem-at-a-crossroads","文章","-2","2026-06-09T17:25:04+08:00","2506","0","0","0","内容深度高；无文章内链入站；无正文内链；无外部证据链接","先补内容与证据；无独特价值时考虑合并或暂不催抓"
"C","https://worldcleanbiz.com/blog/bissell-crosswave-hard-floor-washer-logic","文章","-3","2026-06-08T12:00:00+08:00","461","2","13","0","正文少于600词；无外部证据链接","先补内容与证据；无独特价值时考虑合并或暂不催抓"
"C","https://worldcleanbiz.com/blog/bissell-itc-337-investigation-against-tineco","文章","-3","2026-06-09T17:10:02+08:00","862","1","0","0","正文少于1000词；无正文内链；无外部证据链接","先补内容与证据；无独特价值时考虑合并或暂不催抓"
"C","https://worldcleanbiz.com/blog/chinese-cleaning-brands-at-ces-2026","文章","-3","2026-06-09T17:35:09+08:00","1965","0","0","0","无文章内链入站；无正文内链；无外部证据链接","先补内容与证据；无独特价值时考虑合并或暂不催抓"
"C","https://worldcleanbiz.com/blog/dreame-new-disruptor-in-vacuums","文章","-3","2026-06-09T12:59:10+08:00","797","0","9","1","正文少于1000词；无文章内链入站","先补内容与证据；无独特价值时考虑合并或暂不催抓"
"C","https://worldcleanbiz.com/blog/dyson-finally-sells-self-emptying-vacuum","文章","-3","2026-07-22T21:36:12+08:00","954","0","2","4","正文少于1000词；无文章内链入站","先补内容与证据；无独特价值时考虑合并或暂不催抓"
"C","https://worldcleanbiz.com/blog/fluidra-largest-market-north-america","文章","-3","2026-08-01T21:59:09+08:00","965","0","3","4","正文少于1000词；无文章内链入站","先补内容与证据；无独特价值时考虑合并或暂不催抓"
"C","https://worldcleanbiz.com/blog/groupe-seb-2018-annual-report-signals","文章","-3","2026-06-08T12:00:00+08:00","527","1","46","0","正文少于600词；无外部证据链接","先补内容与证据；无独特价值时考虑合并或暂不催抓"
"C","https://worldcleanbiz.com/blog/midea-supplier-summit-review","文章","-3","2026-06-09T16:40:03+08:00","867","0","2","0","商业/采购意图；正文少于1000词；无文章内链入站；无外部证据链接","先补内容与证据；无独特价值时考虑合并或暂不催抓"
"C","https://worldcleanbiz.com/blog/one-power-strategy-in-small-appliances","文章","-3","2026-06-10T12:00:00+08:00","1256","0","0","0","无文章内链入站；无正文内链；无外部证据链接","先补内容与证据；无独特价值时考虑合并或暂不催抓"
"C","https://worldcleanbiz.com/blog/robot-vacuum-navigation-solution-companies","文章","-3","2026-06-09T18:43:00+08:00","688","1","0","0","正文少于1000词；无正文内链；无外部证据链接","先补内容与证据；无独特价值时考虑合并或暂不催抓"
"C","https://worldcleanbiz.com/blog/vacuum-industry-2018-review-2019-outlook","文章","-3","2026-06-09T12:00:00+08:00","1430","0","0","0","无文章内链入站；无正文内链；无外部证据链接","先补内容与证据；无独特价值时考虑合并或暂不催抓"
"C","https://worldcleanbiz.com/blog/vietnam-development-and-industrial-hollowing","文章","-3","2026-06-09T14:05:06+08:00","1111","0","3","0","无文章内链入站；无外部证据链接","先补内容与证据；无独特价值时考虑合并或暂不催抓"
"C","https://worldcleanbiz.com/blog/why-china-needs-a-cleaning-appliance-ifa","文章","-3","2026-06-10T12:00:00+08:00","1572","0","0","0","无文章内链入站；无正文内链；无外部证据链接","先补内容与证据；无独特价值时考虑合并或暂不催抓"
"C","https://worldcleanbiz.com/blog/bissell-barkbath-pet-vacuum-cleaner","文章","-4","2026-06-09T17:45:01+08:00","666","0","12","0","正文少于1000词；无文章内链入站；无外部证据链接","先补内容与证据；无独特价值时考虑合并或暂不催抓"
"C","https://worldcleanbiz.com/blog/china-premium-vacuum-brand-opportunity","文章","-4","2026-06-09T12:00:00+08:00","926","0","4","0","正文少于1000词；无文章内链入站；无外部证据链接","先补内容与证据；无独特价值时考虑合并或暂不催抓"
"C","https://worldcleanbiz.com/blog/china-us-trade-war-pause","文章","-4","2026-06-09T12:59:02+08:00","748","0","1","1","正文少于1000词；无文章内链入站","先补内容与证据；无独特价值时考虑合并或暂不催抓"
"C","https://worldcleanbiz.com/blog/cleaning-appliance-companies-at-awe","文章","-4","2026-06-10T12:00:00+08:00","795","0","18","0","正文少于1000词；无文章内链入站；无外部证据链接","先补内容与证据；无独特价值时考虑合并或暂不催抓"
"C","https://worldcleanbiz.com/blog/do-you-still-need-trade-shows-if-you-know-the-suppliers","文章","-4","2026-06-09T17:45:07+08:00","661","0","0","0","商业/采购意图；正文少于1000词；无文章内链入站；无正文内链；无外部证据链接","先补内容与证据；无独特价值时考虑合并或暂不催抓"
"C","https://worldcleanbiz.com/blog/dyson-nautik-is-not-a-real-hard-floor-washer","文章","-4","2026-06-09T17:25:10+08:00","654","0","8","0","正文少于1000词；无文章内链入站；无外部证据链接","先补内容与证据；无独特价值时考虑合并或暂不催抓"
"C","https://worldcleanbiz.com/blog/is-kingclean-mojie-a-good-product","文章","-4","2026-06-09T16:55:04+08:00","727","0","6","0","正文少于1000词；无文章内链入站；无外部证据链接","先补内容与证据；无独特价值时考虑合并或暂不催抓"
"C","https://worldcleanbiz.com/blog/lawsuit-that-shaped-the-handheld-vacuum-industry","文章","-4","2026-06-09T14:20:03+08:00","663","0","10","0","正文少于1000词；无文章内链入站；无外部证据链接","先补内容与证据；无独特价值时考虑合并或暂不催抓"
"C","https://worldcleanbiz.com/blog/midea-group-and-the-possible-philips-domestic-appliances-acquisition","文章","-4","2026-06-09T17:45:04+08:00","759","0","4","0","正文少于1000词；无文章内链入站；无外部证据链接","先补内容与证据；无独特价值时考虑合并或暂不催抓"
"C","https://worldcleanbiz.com/blog/roborock-2019-annual-report-breakout-year","文章","-4","2026-06-09T16:55:09+08:00","848","0","7","0","正文少于1000词；无文章内链入站；无外部证据链接","先补内容与证据；无独特价值时考虑合并或暂不催抓"
"C","https://worldcleanbiz.com/blog/the-counterattack-of-chyson-vacuum-brands","文章","-4","2026-06-09T17:45:08+08:00","728","0","4","0","正文少于1000词；无文章内链入站；无外部证据链接","先补内容与证据；无独特价值时考虑合并或暂不催抓"
"C","https://worldcleanbiz.com/blog/thoughts-on-mijia-mite-removal-vacuum","文章","-4","2026-06-09T17:45:05+08:00","699","0","11","0","正文少于1000词；无文章内链入站；无外部证据链接","先补内容与证据；无独特价值时考虑合并或暂不催抓"
"C","https://worldcleanbiz.com/blog/what-sharkninja-makes-us-think-about","文章","-4","2026-06-09T14:05:01+08:00","859","0","4","0","正文少于1000词；无文章内链入站；无外部证据链接","先补内容与证据；无独特价值时考虑合并或暂不催抓"
"C","https://worldcleanbiz.com/blog/who-benefits-from-china-us-trade-war-in-vacuums","文章","-4","2026-06-09T12:59:01+08:00","718","0","5","0","正文少于1000词；无文章内链入站；无外部证据链接","先补内容与证据；无独特价值时考虑合并或暂不催抓"
"C","https://worldcleanbiz.com/blog/anker-shallow-sea-strategy-and-talent-platform","文章","-5","2026-06-10T12:00:00+08:00","886","0","3","0","正文少于1000词；无文章内链入站；无外部证据链接","先补内容与证据；无独特价值时考虑合并或暂不催抓"
"C","https://worldcleanbiz.com/blog/backyard-robotics-china-next-hardware-battlefield","文章","-5","2026-06-08T12:00:00+08:00","869","0","2","0","正文少于1000词；无文章内链入站；无外部证据链接","先补内容与证据；无独特价值时考虑合并或暂不催抓"
"C","https://worldcleanbiz.com/blog/china-cleaning-appliance-financial-reality-check","文章","-5","2026-06-08T12:00:00+08:00","821","0","1","0","正文少于1000词；无文章内链入站；无外部证据链接","先补内容与证据；无独特价值时考虑合并或暂不催抓"
"C","https://worldcleanbiz.com/blog/chinese-backyard-robot-brands-global-ope-arena","文章","-5","2026-06-08T12:00:00+08:00","768","0","2","0","正文少于1000词；无文章内链入站；无外部证据链接","先补内容与证据；无独特价值时考虑合并或暂不催抓"
"C","https://worldcleanbiz.com/blog/chinese-cleaning-robot-brands-at-ces","文章","-5","2026-06-08T12:00:00+08:00","914","0","1","0","正文少于1000词；无文章内链入站；无外部证据链接","先补内容与证据；无独特价值时考虑合并或暂不催抓"
"C","https://worldcleanbiz.com/blog/dyson-new-product-push-premium-innovation","文章","-5","2026-06-08T12:00:00+08:00","878","0","2","0","正文少于1000词；无文章内链入站；无外部证据链接","先补内容与证据；无独特价值时考虑合并或暂不催抓"
"C","https://worldcleanbiz.com/blog/ecovacs-and-irobot-cooperation-agreement","文章","-5","2026-06-09T14:05:04+08:00","915","0","1","0","正文少于1000词；无文章内链入站；无外部证据链接","先补内容与证据；无独特价值时考虑合并或暂不催抓"
"C","https://worldcleanbiz.com/blog/hard-floor-washers-have-no-profit","文章","-5","2026-06-09T12:00:00+08:00","809","0","1","0","正文少于1000词；无文章内链入站；无外部证据链接","先补内容与证据；无独特价值时考虑合并或暂不催抓"
"C","https://worldcleanbiz.com/blog/mijia-robot-vacuum-g1-and-xiaomi-ecosystem","文章","-5","2026-06-09T17:25:05+08:00","641","0","2","0","正文少于1000词；无文章内链入站；无外部证据链接","先补内容与证据；无独特价值时考虑合并或暂不催抓"
"C","https://worldcleanbiz.com/blog/narwal-and-the-self-cleaning-robot-vacuum","文章","-5","2026-06-08T12:00:00+08:00","313","0","26","1","正文少于600词；无文章内链入站","先补内容与证据；无独特价值时考虑合并或暂不催抓"
"C","https://worldcleanbiz.com/blog/narwal-raises-new-funding","文章","-5","2026-06-09T12:59:08+08:00","777","0","2","0","正文少于1000词；无文章内链入站；无外部证据链接","先补内容与证据；无独特价值时考虑合并或暂不催抓"
"C","https://worldcleanbiz.com/blog/roborock-channel-shift-online-to-offline-experience","文章","-5","2026-06-08T12:00:00+08:00","813","0","2","0","正文少于1000词；无文章内链入站；无外部证据链接","先补内容与证据；无独特价值时考虑合并或暂不催抓"
"C","https://worldcleanbiz.com/blog/ces-2026-backyard-robot-war","文章","-6","2026-06-08T12:00:00+08:00","281","0","45","0","正文少于600词；无文章内链入站；无外部证据链接","先补内容与证据；无独特价值时考虑合并或暂不催抓"
"C","https://worldcleanbiz.com/blog/cleaning-appliance-industry-age-of-navigation","文章","-6","2026-06-09T13:50:10+08:00","859","0","0","0","正文少于1000词；无文章内链入站；无正文内链；无外部证据链接","先补内容与证据；无独特价值时考虑合并或暂不催抓"
"C","https://worldcleanbiz.com/blog/dji-goes-to-the-ground-dreame-and-insta360-go-to-the-sky","文章","-6","2026-06-09T14:05:03+08:00","862","0","0","0","正文少于1000词；无文章内链入站；无正文内链；无外部证据链接","先补内容与证据；无独特价值时考虑合并或暂不催抓"
"C","https://worldcleanbiz.com/blog/dji-romo-robot-vacuum-preview","文章","-6","2026-06-09T13:50:04+08:00","728","0","0","0","正文少于1000词；无文章内链入站；无正文内链；无外部证据链接","先补内容与证据；无独特价值时考虑合并或暂不催抓"
"C","https://worldcleanbiz.com/blog/dyson-fights-bosch-again","文章","-6","2026-06-09T14:20:09+08:00","369","0","4","0","正文少于600词；无文章内链入站；无外部证据链接","先补内容与证据；无独特价值时考虑合并或暂不催抓"
"C","https://worldcleanbiz.com/blog/dyson-makes-another-big-move","文章","-6","2026-06-09T16:40:05+08:00","483","0","11","0","正文少于600词；无文章内链入站；无外部证据链接","先补内容与证据；无独特价值时考虑合并或暂不催抓"
"C","https://worldcleanbiz.com/blog/ecovacs-2018-annual-report-signals","文章","-6","2026-06-08T12:00:00+08:00","347","0","28","0","正文少于600词；无文章内链入站；无外部证据链接","先补内容与证据；无独特价值时考虑合并或暂不催抓"
"C","https://worldcleanbiz.com/blog/ecovacs-mid-year-report-reading","文章","-6","2026-06-09T12:59:09+08:00","386","0","9","0","正文少于600词；无文章内链入站；无外部证据链接","先补内容与证据；无独特价值时考虑合并或暂不催抓"
"C","https://worldcleanbiz.com/blog/first-major-industry-shift-in-2019","文章","-6","2026-06-09T17:10:09+08:00","761","0","0","0","正文少于1000词；无文章内链入站；无正文内链；无外部证据链接","先补内容与证据；无独特价值时考虑合并或暂不催抓"
"C","https://worldcleanbiz.com/blog/ifa-2019-vacuum-cleaner-new-products-by-major-brands","文章","-6","2026-06-09T17:45:09+08:00","559","0","16","0","正文少于600词；无文章内链入站；无外部证据链接","先补内容与证据；无独特价值时考虑合并或暂不催抓"
"C","https://worldcleanbiz.com/blog/irobot-exits-and-dji-enters","文章","-6","2026-06-09T18:42:00+08:00","569","0","4","0","正文少于600词；无文章内链入站；无外部证据链接","先补内容与证据；无独特价值时考虑合并或暂不催抓"
"C","https://worldcleanbiz.com/blog/migo-ascender-stair-climbing-robot","文章","-6","2026-06-09T12:59:04+08:00","968","0","0","0","正文少于1000词；无文章内链入站；无正文内链；无外部证据链接","先补内容与证据；无独特价值时考虑合并或暂不催抓"
"C","https://worldcleanbiz.com/blog/milwaukee-2761-return-of-the-king","文章","-6","2026-06-09T17:35:08+08:00","623","0","0","0","正文少于1000词；无文章内链入站；无正文内链；无外部证据链接","先补内容与证据；无独特价值时考虑合并或暂不催抓"
"C","https://worldcleanbiz.com/blog/mova-took-me-to-meet-a-celebrity","文章","-6","2026-06-09T17:25:08+08:00","688","0","0","0","正文少于1000词；无文章内链入站；无正文内链；无外部证据链接","先补内容与证据；无独特价值时考虑合并或暂不催抓"
"C","https://worldcleanbiz.com/blog/narwal-j6-and-technology-iteration","文章","-6","2026-06-09T13:50:03+08:00","716","0","0","0","正文少于1000词；无文章内链入站；无正文内链；无外部证据链接","先补内容与证据；无独特价值时考虑合并或暂不催抓"
"C","https://worldcleanbiz.com/blog/nilfisk-2018-annual-report-commercial-cleaning","文章","-6","2026-06-08T12:00:00+08:00","573","0","18","0","正文少于600词；无文章内链入站；无外部证据链接","先补内容与证据；无独特价值时考虑合并或暂不催抓"
"C","https://worldcleanbiz.com/blog/roborock-ipo-prospectus-signals","文章","-6","2026-06-08T12:00:00+08:00","324","0","36","0","正文少于600词；无文章内链入站；无外部证据链接","先补内容与证据；无独特价值时考虑合并或暂不催抓"
"C","https://worldcleanbiz.com/blog/tti-2019-interim-report","文章","-6","2026-06-09T18:35:00+08:00","569","0","8","0","正文少于600词；无文章内链入站；无外部证据链接","先补内容与证据；无独特价值时考虑合并或暂不催抓"
"C","https://worldcleanbiz.com/blog/tti-product-direction","文章","-6","2026-06-09T18:41:00+08:00","984","0","0","0","正文少于1000词；无文章内链入站；无正文内链；无外部证据链接","先补内容与证据；无独特价值时考虑合并或暂不催抓"
"C","https://worldcleanbiz.com/blog/vacuum-companies-at-2018-autumn-canton-fair","文章","-6","2026-06-09T14:20:08+08:00","372","0","11","0","正文少于600词；无文章内链入站；无外部证据链接","先补内容与证据；无独特价值时考虑合并或暂不催抓"
"C","https://worldcleanbiz.com/blog/when-chinese-brands-become-the-powers","文章","-6","2026-06-09T14:20:06+08:00","622","0","0","0","正文少于1000词；无文章内链入站；无正文内链；无外部证据链接","先补内容与证据；无独特价值时考虑合并或暂不催抓"
"C","https://worldcleanbiz.com/blog/impact-of-trump-reciprocal-tariffs","文章","-7","2026-06-09T13:50:09+08:00","385","0","1","0","正文少于600词；无文章内链入站；无外部证据链接","先补内容与证据；无独特价值时考虑合并或暂不催抓"
"C","https://worldcleanbiz.com/blog/lawsuit-that-changed-robot-vacuum-industry-follow-up","文章","-7","2026-06-09T17:10:08+08:00","485","0","3","0","正文少于600词；无文章内链入站；无外部证据链接","先补内容与证据；无独特价值时考虑合并或暂不催抓"
"C","https://worldcleanbiz.com/blog/backyard-robots-price-and-channel-war","文章","-8","2026-06-08T12:00:00+08:00","228","0","0","0","正文少于600词；无文章内链入站；无正文内链；无外部证据链接","先补内容与证据；无独特价值时考虑合并或暂不催抓"
"C","https://worldcleanbiz.com/blog/casual-gossip-on-dji-robot-vacuum","文章","-8","2026-06-09T18:44:00+08:00","474","0","0","0","正文少于600词；无文章内链入站；无正文内链；无外部证据链接","先补内容与证据；无独特价值时考虑合并或暂不催抓"
"C","https://worldcleanbiz.com/blog/collapse-of-godfreys","文章","-8","2026-06-09T16:40:06+08:00","571","0","0","0","正文少于600词；无文章内链入站；无正文内链；无外部证据链接","先补内容与证据；无独特价值时考虑合并或暂不催抓"
"C","https://worldcleanbiz.com/blog/historic-opportunities-in-the-vacuum-industry","文章","-8","2026-06-10T12:00:00+08:00","553","0","0","0","正文少于600词；无文章内链入站；无正文内链；无外部证据链接","先补内容与证据；无独特价值时考虑合并或暂不催抓"
"C","https://worldcleanbiz.com/blog/london-talks-55-percent-tariff","文章","-8","2026-06-09T13:50:08+08:00","449","0","0","0","正文少于600词；无文章内链入站；无正文内链；无外部证据链接","先补内容与证据；无独特价值时考虑合并或暂不催抓"
"C","https://worldcleanbiz.com/blog/major-battle-about-to-begin","文章","-8","2026-06-09T16:55:06+08:00","418","0","0","0","正文少于600词；无文章内链入站；无正文内链；无外部证据链接","先补内容与证据；无独特价值时考虑合并或暂不催抓"
"C","https://worldcleanbiz.com/blog/robotic-mower-category-note","文章","-8","2026-06-09T13:50:01+08:00","309","0","0","0","正文少于600词；无文章内链入站；无正文内链；无外部证据链接","先补内容与证据；无独特价值时考虑合并或暂不催抓"
"C","https://worldcleanbiz.com/blog/top-ten-vacuum-exporters-in-2019","文章","-8","2026-06-09T16:55:07+08:00","562","0","0","0","正文少于600词；无文章内链入站；无正文内链；无外部证据链接","先补内容与证据；无独特价值时考虑合并或暂不催抓"
"C","https://worldcleanbiz.com/blog/world-class-denny-or-world-class-bragging","文章","-8","2026-06-09T18:37:00+08:00","510","0","0","0","正文少于600词；无文章内链入站；无正文内链；无外部证据链接","先补内容与证据；无独特价值时考虑合并或暂不催抓"
